year,mo,data-type,region,extent,area
2019,4,NRTSI-G,S,5.71,4.16
2019,4,NRTSI-G,N,13.45,11.86
2019,3,NRTSI-G,S,3.16,2.09
2019,3,NRTSI-G,N,14.55,12.81
2019,2,NRTSI-G,S,2.66,1.80
2019,2,NRTSI-G,N,14.40,12.69
2019,1,NRTSI-G,S,3.83,2.62
2019,1,NRTSI-G,N,13.56,12.10
2018,12,NRTSI-G,S,9.03,5.48
2018,12,NRTSI-G,N,11.86,10.41
2018,11,NRTSI-G,S,15.01,10.67
2018,11,NRTSI-G,N,9.80,8.36
2018,10,NRTSI-G,S,17.66,13.92
2018,10,NRTSI-G,N,6.06,4.52
2018,9,NRTSI-G,S,17.88,14.10
2018,9,NRTSI-G,N,4.71,3.30
2018,8,NRTSI-G,S,17.34,13.94
2018,8,NRTSI-G,N,5.61,3.89
2018,7,NRTSI-G,S,15.66,12.48
2018,7,NRTSI-G,N,8.22,5.71
2018,6,NRTSI-G,S,12.85,10.21
2018,6,NRTSI-G,N,10.71,8.71
2018,5,NRTSI-G,S,9.29,7.13
2018,5,NRTSI-G,N,12.21,10.77
2018,4,NRTSI-G,S,6.01,4.11
2018,4,NRTSI-G,N,13.71,12.25
2018,3,NRTSI-G,S,3.53,2.29
2018,3,NRTSI-G,N,14.30,12.61
2018,2,NRTSI-G,S,2.29,1.61
2018,2,NRTSI-G,N,13.95,12.22
2018,1,NRTSI-G,S,4.13,2.64
2018,1,NRTSI-G,N,13.06,11.64
2017,12,Goddard,S,9.48,6.23
2017,12,Goddard,N,11.74,10.26
2017,11,Goddard,S,15.11,10.91
2017,11,Goddard,N,9.49,8.08
2017,10,Goddard,S,17.78,13.45
2017,10,Goddard,N,6.77,5.30
2017,9,Goddard,S,17.91,13.92
2017,9,Goddard,N,4.82,3.35
2017,8,Goddard,S,17.22,13.62
2017,8,Goddard,N,5.48,3.64
2017,7,Goddard,S,15.30,12.28
2017,7,Goddard,N,7.94,5.65
2017,6,Goddard,S,12.41,9.80
2017,6,Goddard,N,10.76,8.63
2017,5,Goddard,S,9.01,6.83
2017,5,Goddard,N,12.63,11.01
2017,4,Goddard,S,5.44,3.93
2017,4,Goddard,N,13.75,12.26
2017,3,Goddard,S,2.70,1.83
2017,3,Goddard,N,14.29,12.61
2017,2,Goddard,S,2.29,1.64
2017,2,Goddard,N,14.12,12.32
2017,1,Goddard,S,3.78,2.56
2017,1,Goddard,N,13.19,11.37
2016,12,Goddard,S,8.28,5.51
2016,12,Goddard,N,11.46,9.62
2016,11,Goddard,S,14.22,9.84
2016,11,Goddard,N,8.66,7.01
2016,10,Goddard,S,17.46,12.94
2016,10,Goddard,N,6.08,4.40
2016,9,Goddard,S,18.15,13.86
2016,9,Goddard,N,4.53,2.91
2016,8,Goddard,S,17.89,13.98
2016,8,Goddard,N,5.37,3.31
2016,7,Goddard,S,16.02,12.55
2016,7,Goddard,N,7.94,5.37
2016,6,Goddard,S,13.24,10.61
2016,6,Goddard,N,10.41,8.21
2016,5,Goddard,S,10.10,7.91
2016,5,Goddard,N,11.92,10.25
2016,4,Goddard,S,7.22,5.38
2016,4,Goddard,N,13.68,11.98
2016,3,Goddard,S,4.07,2.77
2016,3,Goddard,N,14.40,12.61
2016,2,Goddard,S,2.79,1.86
2016,2,Goddard,N,14.20,12.43
2016,1,Goddard,S,4.69,3.03
2016,1,Goddard,N,13.46,11.80
2015,12,Goddard,S,10.66,7.09
2015,12,Goddard,N,12.04,10.64
2015,11,Goddard,S,16.18,11.90
2015,11,Goddard,N,9.85,8.48
2015,10,Goddard,S,18.41,14.36
2015,10,Goddard,N,6.97,5.49
2015,9,Goddard,S,18.44,14.45
2015,9,Goddard,N,4.62,3.42
2015,8,Goddard,S,17.75,14.02
2015,8,Goddard,N,5.60,3.63
2015,7,Goddard,S,16.78,13.45
2015,7,Goddard,N,8.38,5.66
2015,6,Goddard,S,14.47,11.48
2015,6,Goddard,N,10.88,8.70
2015,5,Goddard,S,11.72,9.21
2015,5,Goddard,N,12.47,10.90
2015,4,Goddard,S,8.37,6.37
2015,4,Goddard,N,13.89,12.33
2015,3,Goddard,S,4.96,3.45
2015,3,Goddard,N,14.37,12.78
2015,2,Goddard,S,3.80,2.54
2015,2,Goddard,N,14.40,12.85
2015,1,Goddard,S,6.85,4.34
2015,1,Goddard,N,13.60,12.17
2014,12,Goddard,S,11.93,8.21
2014,12,Goddard,N,12.35,10.89
2014,11,Goddard,S,16.39,12.26
2014,11,Goddard,N,10.11,8.75
2014,10,Goddard,S,19.00,14.83
2014,10,Goddard,N,7.23,5.70
2014,9,Goddard,S,19.76,15.75
2014,9,Goddard,N,5.22,3.74
2014,8,Goddard,S,18.91,15.10
2014,8,Goddard,N,6.08,4.37
2014,7,Goddard,S,17.11,13.95
2014,7,Goddard,N,8.11,5.96
2014,6,Goddard,S,14.69,12.06
2014,6,Goddard,N,11.03,8.76
2014,5,Goddard,S,11.52,9.03
2014,5,Goddard,N,12.70,11.05
2014,4,Goddard,S,8.34,6.41
2014,4,Goddard,N,14.09,12.43
2014,3,Goddard,S,4.90,3.32
2014,3,Goddard,N,14.76,12.95
2014,2,Goddard,S,3.84,2.65
2014,2,Goddard,N,14.42,12.56
2014,1,Goddard,S,6.33,4.38
2014,1,Goddard,N,13.65,12.10
2013,12,Goddard,S,11.85,8.34
2013,12,Goddard,N,12.18,10.87
2013,11,Goddard,S,16.87,12.77
2013,11,Goddard,N,9.94,8.66
2013,10,Goddard,S,19.02,15.13
2013,10,Goddard,N,7.45,5.95
2013,9,Goddard,S,19.39,15.28
2013,9,Goddard,N,5.21,3.78
2013,8,Goddard,S,18.66,15.13
2013,8,Goddard,N,6.01,4.17
2013,7,Goddard,S,16.81,13.73
2013,7,Goddard,N,8.13,5.81
2013,6,Goddard,S,14.15,11.27
2013,6,Goddard,N,11.36,8.95
2013,5,Goddard,S,10.92,8.49
2013,5,Goddard,N,13.00,11.25
2013,4,Goddard,S,7.62,5.75
2013,4,Goddard,N,14.30,12.75
2013,3,Goddard,S,5.02,3.49
2013,3,Goddard,N,15.03,13.45
2013,2,Goddard,S,3.84,2.58
2013,2,Goddard,N,14.72,13.20
2013,1,Goddard,S,5.54,3.94
2013,1,Goddard,N,13.70,12.02
2012,12,Goddard,S,10.39,7.38
2012,12,Goddard,N,12.01,10.45
2012,11,Goddard,S,16.11,12.07
2012,11,Goddard,N,9.39,8.06
2012,10,Goddard,S,18.59,14.45
2012,10,Goddard,N,5.89,4.58
2012,9,Goddard,S,19.21,15.41
2012,9,Goddard,N,3.57,2.41
2012,8,Goddard,S,18.10,14.56
2012,8,Goddard,N,4.72,2.93
2012,7,Goddard,S,16.30,13.31
2012,7,Goddard,N,7.67,5.09
2012,6,Goddard,S,13.55,10.79
2012,6,Goddard,N,10.67,8.16
2012,5,Goddard,S,10.46,8.15
2012,5,Goddard,N,13.01,11.05
2012,4,Goddard,S,7.31,5.55
2012,4,Goddard,N,14.63,12.87
2012,3,Goddard,S,4.55,2.91
2012,3,Goddard,N,15.20,13.41
2012,2,Goddard,S,3.55,2.19
2012,2,Goddard,N,14.55,12.72
2012,1,Goddard,S,5.65,3.71
2012,1,Goddard,N,13.73,12.21
2011,12,Goddard,S,11.20,7.40
2011,12,Goddard,N,12.15,10.63
2011,11,Goddard,S,15.76,11.77
2011,11,Goddard,N,9.77,8.52
2011,10,Goddard,S,18.22,14.23
2011,10,Goddard,N,6.46,5.02
2011,9,Goddard,S,18.74,14.57
2011,9,Goddard,N,4.56,3.21
2011,8,Goddard,S,17.81,14.04
2011,8,Goddard,N,5.50,3.38
2011,7,Goddard,S,15.75,12.34
2011,7,Goddard,N,7.72,5.40
2011,6,Goddard,S,13.33,10.54
2011,6,Goddard,N,10.75,8.54
2011,5,Goddard,S,10.09,7.85
2011,5,Goddard,N,12.68,10.74
2011,4,Goddard,S,6.10,4.39
2011,4,Goddard,N,14.11,12.45
2011,3,Goddard,S,3.37,2.26
2011,3,Goddard,N,14.55,12.83
2011,2,Goddard,S,2.52,1.86
2011,2,Goddard,N,14.36,12.76
2011,1,Goddard,S,4.51,3.05
2011,1,Goddard,N,13.46,11.83
2010,12,Goddard,S,11.27,6.94
2010,12,Goddard,N,11.83,10.43
2010,11,Goddard,S,16.75,11.92
2010,11,Goddard,N,9.61,8.43
2010,10,Goddard,S,18.65,14.41
2010,10,Goddard,N,6.98,5.48
2010,9,Goddard,S,18.80,14.43
2010,9,Goddard,N,4.87,3.34
2010,8,Goddard,S,18.61,14.95
2010,8,Goddard,N,5.87,3.88
2010,7,Goddard,S,16.92,13.74
2010,7,Goddard,N,8.07,5.57
2010,6,Goddard,S,14.41,11.65
2010,6,Goddard,N,10.59,8.37
2010,5,Goddard,S,10.64,8.33
2010,5,Goddard,N,12.87,10.88
2010,4,Goddard,S,6.72,5.00
2010,4,Goddard,N,14.66,12.85
2010,3,Goddard,S,3.85,2.66
2010,3,Goddard,N,15.14,13.53
2010,2,Goddard,S,3.11,2.11
2010,2,Goddard,N,14.58,12.96
2010,1,Goddard,S,4.96,3.33
2010,1,Goddard,N,13.74,12.04
2009,12,Goddard,S,10.74,7.09
2009,12,Goddard,N,12.20,10.59
2009,11,Goddard,S,15.85,11.80
2009,11,Goddard,N,9.77,8.36
2009,10,Goddard,S,18.30,14.35
2009,10,Goddard,N,6.92,5.24
2009,9,Goddard,S,18.96,15.08
2009,9,Goddard,N,5.26,3.76
2009,8,Goddard,S,18.10,14.45
2009,8,Goddard,N,6.14,4.16
2009,7,Goddard,S,16.26,13.09
2009,7,Goddard,N,8.47,6.12
2009,6,Goddard,S,13.91,11.09
2009,6,Goddard,N,11.32,9.25
2009,5,Goddard,S,10.93,8.46
2009,5,Goddard,N,13.19,11.48
2009,4,Goddard,S,7.80,5.96
2009,4,Goddard,N,14.50,12.92
2009,3,Goddard,S,4.44,3.02
2009,3,Goddard,N,14.98,13.43
2009,2,Goddard,S,2.99,1.97
2009,2,Goddard,N,14.81,13.21
2009,1,Goddard,S,5.71,3.50
2009,1,Goddard,N,13.91,12.32
2008,12,Goddard,S,11.51,7.39
2008,12,Goddard,N,12.36,10.97
2008,11,Goddard,S,16.25,12.01
2008,11,Goddard,N,10.34,9.05
2008,10,Goddard,S,17.99,14.12
2008,10,Goddard,N,7.35,5.77
2008,9,Goddard,S,18.15,14.39
2008,9,Goddard,N,4.69,3.26
2008,8,Goddard,S,17.64,14.13
2008,8,Goddard,N,5.91,3.79
2008,7,Goddard,S,16.09,12.95
2008,7,Goddard,N,8.68,6.06
2008,6,Goddard,S,14.06,11.40
2008,6,Goddard,N,11.21,8.85
2008,5,Goddard,S,11.05,8.60
2008,5,Goddard,N,12.97,11.25
2008,4,Goddard,S,8.24,6.23
2008,4,Goddard,N,14.35,12.78
2008,3,Goddard,S,5.28,3.68
2008,3,Goddard,N,15.18,13.53
2008,2,Goddard,S,3.89,2.40
2008,2,Goddard,N,14.95,13.21
2008,1,Goddard,S,6.41,4.07
2008,1,Goddard,N,13.89,12.30
2007,12,Goddard,S,11.98,8.38
2007,12,Goddard,N,12.03,10.18
2007,11,Goddard,S,15.89,12.16
2007,11,Goddard,N,9.76,8.06
2007,10,Goddard,S,18.51,14.59
2007,10,Goddard,N,6.04,4.33
2007,9,Goddard,S,18.86,15.39
2007,9,Goddard,N,4.27,2.82
2007,8,Goddard,S,17.68,14.03
2007,8,Goddard,N,5.34,3.19
2007,7,Goddard,S,15.96,12.61
2007,7,Goddard,N,7.94,5.13
2007,6,Goddard,S,13.29,10.48
2007,6,Goddard,N,11.22,8.21
2007,5,Goddard,S,9.65,7.54
2007,5,Goddard,N,12.78,10.77
2007,4,Goddard,S,6.42,4.70
2007,4,Goddard,N,13.85,11.83
2007,3,Goddard,S,3.83,2.54
2007,3,Goddard,N,14.54,12.56
2007,2,Goddard,S,2.90,1.94
2007,2,Goddard,N,14.51,12.58
2007,1,Goddard,S,4.67,3.00
2007,1,Goddard,N,13.70,11.86
2006,12,Goddard,S,9.85,6.48
2006,12,Goddard,N,11.95,10.17
2006,11,Goddard,S,16.23,11.61
2006,11,Goddard,N,9.66,8.13
2006,10,Goddard,S,18.73,14.68
2006,10,Goddard,N,7.54,5.80
2006,9,Goddard,S,19.09,15.18
2006,9,Goddard,N,5.86,4.01
2006,8,Goddard,S,18.10,14.54
2006,8,Goddard,N,6.50,4.31
2006,7,Goddard,S,16.11,12.88
2006,7,Goddard,N,8.46,5.79
2006,6,Goddard,S,13.34,10.58
2006,6,Goddard,N,10.92,8.41
2006,5,Goddard,S,9.46,7.20
2006,5,Goddard,N,12.52,10.45
2006,4,Goddard,S,6.01,4.28
2006,4,Goddard,N,13.91,12.04
2006,3,Goddard,S,3.21,2.01
2006,3,Goddard,N,14.42,12.52
2006,2,Goddard,S,2.65,1.76
2006,2,Goddard,N,14.32,12.35
2006,1,Goddard,S,4.16,2.81
2006,1,Goddard,N,13.47,11.65
2005,12,Goddard,S,9.68,6.33
2005,12,Goddard,N,12.23,10.56
2005,11,Goddard,S,16.32,11.80
2005,11,Goddard,N,10.22,8.80
2005,10,Goddard,S,18.48,14.04
2005,10,Goddard,N,7.35,5.78
2005,9,Goddard,S,18.80,14.85
2005,9,Goddard,N,5.50,4.07
2005,8,Goddard,S,17.92,13.95
2005,8,Goddard,N,6.30,4.21
2005,7,Goddard,S,16.16,12.72
2005,7,Goddard,N,8.65,5.90
2005,6,Goddard,S,13.29,10.31
2005,6,Goddard,N,11.16,8.81
2005,5,Goddard,S,10.29,7.96
2005,5,Goddard,N,12.91,10.88
2005,4,Goddard,S,7.03,5.19
2005,4,Goddard,N,14.09,12.23
2005,3,Goddard,S,4.08,2.73
2005,3,Goddard,N,14.69,12.74
2005,2,Goddard,S,2.97,1.97
2005,2,Goddard,N,14.37,12.35
2005,1,Goddard,S,4.75,3.18
2005,1,Goddard,N,13.66,11.92
2004,12,Goddard,S,10.23,6.93
2004,12,Goddard,N,12.55,10.98
2004,11,Goddard,S,16.08,11.75
2004,11,Goddard,N,10.34,8.95
2004,10,Goddard,S,18.46,14.12
2004,10,Goddard,N,7.93,6.40
2004,9,Goddard,S,18.92,14.59
2004,9,Goddard,N,5.98,4.39
2004,8,Goddard,S,18.01,14.23
2004,8,Goddard,N,6.85,4.67
2004,7,Goddard,S,16.33,13.16
2004,7,Goddard,N,9.43,6.51
2004,6,Goddard,S,13.78,10.89
2004,6,Goddard,N,11.45,9.24
2004,5,Goddard,S,10.47,8.19
2004,5,Goddard,N,12.56,10.92
2004,4,Goddard,S,7.28,5.39
2004,4,Goddard,N,13.99,12.16
2004,3,Goddard,S,4.53,3.16
2004,3,Goddard,N,14.99,12.99
2004,2,Goddard,S,3.58,2.36
2004,2,Goddard,N,14.91,12.94
2004,1,Goddard,S,5.59,3.80
2004,1,Goddard,N,14.03,12.26
2003,12,Goddard,S,10.56,7.20
2003,12,Goddard,N,12.59,10.80
2003,11,Goddard,S,16.11,11.47
2003,11,Goddard,N,10.13,8.57
2003,10,Goddard,S,18.20,13.87
2003,10,Goddard,N,7.85,5.98
2003,9,Goddard,S,18.30,14.14
2003,9,Goddard,N,6.12,4.05
2003,8,Goddard,S,17.58,13.77
2003,8,Goddard,N,6.94,4.52
2003,7,Goddard,S,16.40,13.17
2003,7,Goddard,N,9.21,6.15
2003,6,Goddard,S,13.99,11.16
2003,6,Goddard,N,11.60,9.11
2003,5,Goddard,S,10.74,8.45
2003,5,Goddard,N,13.02,10.89
2003,4,Goddard,S,7.21,5.56
2003,4,Goddard,N,14.51,12.46
2003,3,Goddard,S,4.44,3.24
2003,3,Goddard,N,15.48,13.42
2003,2,Goddard,S,3.79,2.66
2003,2,Goddard,N,15.19,13.23
2003,1,Goddard,S,5.77,4.11
2003,1,Goddard,N,14.39,12.29
2002,12,Goddard,S,10.79,7.61
2002,12,Goddard,N,12.61,10.64
2002,11,Goddard,S,15.41,11.67
2002,11,Goddard,N,10.34,8.75
2002,10,Goddard,S,17.87,13.82
2002,10,Goddard,N,8.16,6.24
2002,9,Goddard,S,17.89,14.10
2002,9,Goddard,N,5.83,4.03
2002,8,Goddard,S,17.07,13.74
2002,8,Goddard,N,6.60,4.32
2002,7,Goddard,S,15.41,12.52
2002,7,Goddard,N,9.27,6.44
2002,6,Goddard,S,12.38,9.70
2002,6,Goddard,N,11.58,9.19
2002,5,Goddard,S,9.51,7.18
2002,5,Goddard,N,12.97,11.16
2002,4,Goddard,S,6.33,4.59
2002,4,Goddard,N,14.30,12.41
2002,3,Goddard,S,3.75,2.36
2002,3,Goddard,N,15.35,13.42
2002,2,Goddard,S,2.96,1.82
2002,2,Goddard,N,15.34,13.42
2002,1,Goddard,S,4.74,2.95
2002,1,Goddard,N,14.27,12.26
2001,12,Goddard,S,10.35,6.36
2001,12,Goddard,N,12.49,10.55
2001,11,Goddard,S,15.61,11.00
2001,11,Goddard,N,10.66,9.08
2001,10,Goddard,S,17.73,13.34
2001,10,Goddard,N,8.30,6.65
2001,9,Goddard,S,18.17,14.36
2001,9,Goddard,N,6.73,4.59
2001,8,Goddard,S,17.42,13.75
2001,8,Goddard,N,7.46,4.94
2001,7,Goddard,S,15.85,12.58
2001,7,Goddard,N,9.07,6.29
2001,6,Goddard,S,13.42,10.56
2001,6,Goddard,N,11.46,9.09
2001,5,Goddard,S,10.33,8.00
2001,5,Goddard,N,13.51,11.38
2001,4,Goddard,S,7.04,5.30
2001,4,Goddard,N,14.86,13.05
2001,3,Goddard,S,4.73,3.36
2001,3,Goddard,N,15.52,13.64
2001,2,Goddard,S,3.65,2.44
2001,2,Goddard,N,15.21,13.22
2001,1,Goddard,S,5.23,3.64
2001,1,Goddard,N,14.20,12.35
2000,12,Goddard,S,9.91,6.95
2000,12,Goddard,N,12.64,10.96
2000,11,Goddard,S,15.76,11.81
2000,11,Goddard,N,10.32,8.87
2000,10,Goddard,S,18.13,14.26
2000,10,Goddard,N,8.38,6.69
2000,9,Goddard,S,18.89,15.07
2000,9,Goddard,N,6.25,4.35
2000,8,Goddard,S,18.21,14.64
2000,8,Goddard,N,7.17,4.78
2000,7,Goddard,S,16.10,12.99
2000,7,Goddard,N,9.51,6.39
2000,6,Goddard,S,13.89,11.04
2000,6,Goddard,N,11.67,9.05
2000,5,Goddard,S,10.92,8.56
2000,5,Goddard,N,13.15,11.24
2000,4,Goddard,S,7.13,5.31
2000,4,Goddard,N,14.56,12.60
2000,3,Goddard,S,4.09,2.67
2000,3,Goddard,N,15.22,13.17
2000,2,Goddard,S,2.91,1.72
2000,2,Goddard,N,15.14,13.09
2000,1,Goddard,S,4.75,2.92
2000,1,Goddard,N,14.22,12.30
1999,12,Goddard,S,10.72,6.80
1999,12,Goddard,N,12.64,10.99
1999,11,Goddard,S,15.96,11.51
1999,11,Goddard,N,10.80,9.26
1999,10,Goddard,S,18.35,14.23
1999,10,Goddard,N,8.60,6.83
1999,9,Goddard,S,18.70,14.62
1999,9,Goddard,N,6.12,4.29
1999,8,Goddard,S,17.96,14.24
1999,8,Goddard,N,7.23,4.75
1999,7,Goddard,S,16.28,13.06
1999,7,Goddard,N,9.49,6.55
1999,6,Goddard,S,13.65,10.83
1999,6,Goddard,N,11.78,9.25
1999,5,Goddard,S,10.27,8.07
1999,5,Goddard,N,13.75,11.66
1999,4,Goddard,S,6.89,5.13
1999,4,Goddard,N,15.08,13.15
1999,3,Goddard,S,3.98,2.58
1999,3,Goddard,N,15.40,13.54
1999,2,Goddard,S,2.97,1.77
1999,2,Goddard,N,15.31,13.45
1999,1,Goddard,S,4.82,3.11
1999,1,Goddard,N,14.36,12.60
1998,12,Goddard,S,10.52,6.80
1998,12,Goddard,N,12.76,10.91
1998,11,Goddard,S,16.30,11.88
1998,11,Goddard,N,10.44,8.88
1998,10,Goddard,S,18.66,14.54
1998,10,Goddard,N,8.45,6.71
1998,9,Goddard,S,18.90,14.84
1998,9,Goddard,N,6.54,4.30
1998,8,Goddard,S,17.88,14.06
1998,8,Goddard,N,7.51,4.69
1998,7,Goddard,S,15.96,12.66
1998,7,Goddard,N,9.42,6.45
1998,6,Goddard,S,13.31,10.34
1998,6,Goddard,N,11.71,9.18
1998,5,Goddard,S,10.33,7.91
1998,5,Goddard,N,13.59,11.40
1998,4,Goddard,S,6.85,5.12
1998,4,Goddard,N,14.89,12.85
1998,3,Goddard,S,4.11,2.71
1998,3,Goddard,N,15.60,13.57
1998,2,Goddard,S,2.99,1.87
1998,2,Goddard,N,15.75,13.77
1998,1,Goddard,S,4.46,3.04
1998,1,Goddard,N,14.72,12.81
1997,12,Goddard,S,10.29,6.99
1997,12,Goddard,N,13.08,11.24
1997,11,Goddard,S,15.73,11.59
1997,11,Goddard,N,10.68,9.07
1997,10,Goddard,S,17.99,14.12
1997,10,Goddard,N,8.34,6.47
1997,9,Goddard,S,18.60,14.59
1997,9,Goddard,N,6.69,4.89
1997,8,Goddard,S,17.68,14.09
1997,8,Goddard,N,7.29,5.09
1997,7,Goddard,S,15.92,12.75
1997,7,Goddard,N,9.41,6.50
1997,6,Goddard,S,13.12,10.22
1997,6,Goddard,N,11.74,9.20
1997,5,Goddard,S,10.12,7.91
1997,5,Goddard,N,13.18,11.24
1997,4,Goddard,S,6.49,4.84
1997,4,Goddard,N,14.56,12.57
1997,3,Goddard,S,3.46,2.30
1997,3,Goddard,N,15.47,13.30
1997,2,Goddard,S,2.49,1.72
1997,2,Goddard,N,15.44,13.44
1997,1,Goddard,S,4.20,2.77
1997,1,Goddard,N,14.42,12.39
1996,12,Goddard,S,9.65,6.24
1996,12,Goddard,N,12.86,11.03
1996,11,Goddard,S,15.72,11.24
1996,11,Goddard,N,10.40,8.77
1996,10,Goddard,S,17.96,13.94
1996,10,Goddard,N,9.16,7.54
1996,9,Goddard,S,18.63,14.54
1996,9,Goddard,N,7.58,5.62
1996,8,Goddard,S,17.74,13.90
1996,8,Goddard,N,8.18,5.73
1996,7,Goddard,S,16.12,12.89
1996,7,Goddard,N,10.16,7.44
1996,6,Goddard,S,13.87,11.09
1996,6,Goddard,N,12.08,9.83
1996,5,Goddard,S,10.92,8.65
1996,5,Goddard,N,13.09,11.28
1996,4,Goddard,S,7.28,5.37
1996,4,Goddard,N,14.22,12.32
1996,3,Goddard,S,4.18,2.65
1996,3,Goddard,N,15.12,12.90
1996,2,Goddard,S,2.98,1.77
1996,2,Goddard,N,15.15,12.98
1996,1,Goddard,S,5.87,3.55
1996,1,Goddard,N,14.18,12.15
1995,12,Goddard,S,10.62,7.19
1995,12,Goddard,N,12.92,11.09
1995,11,Goddard,S,15.63,11.49
1995,11,Goddard,N,10.76,9.03
1995,10,Goddard,S,18.03,13.57
1995,10,Goddard,N,7.83,5.99
1995,9,Goddard,S,18.37,14.46
1995,9,Goddard,N,6.08,4.43
1995,8,Goddard,S,17.78,14.20
1995,8,Goddard,N,6.74,4.69
1995,7,Goddard,S,15.74,12.53
1995,7,Goddard,N,8.99,6.16
1995,6,Goddard,S,13.29,10.46
1995,6,Goddard,N,11.44,8.94
1995,5,Goddard,S,10.42,8.19
1995,5,Goddard,N,12.97,10.90
1995,4,Goddard,S,7.27,5.40
1995,4,Goddard,N,14.45,12.40
1995,3,Goddard,S,4.63,3.01
1995,3,Goddard,N,15.26,13.34
1995,2,Goddard,S,3.56,2.19
1995,2,Goddard,N,15.23,13.37
1995,1,Goddard,S,5.64,3.73
1995,1,Goddard,N,14.59,12.79
1994,12,Goddard,S,10.10,7.11
1994,12,Goddard,N,13.27,11.49
1994,11,Goddard,S,15.88,11.78
1994,11,Goddard,N,11.12,9.71
1994,10,Goddard,S,18.09,14.07
1994,10,Goddard,N,8.92,7.23
1994,9,Goddard,S,18.61,14.61
1994,9,Goddard,N,7.14,5.13
1994,8,Goddard,S,17.84,14.49
1994,8,Goddard,N,7.64,5.19
1994,7,Goddard,S,16.30,13.12
1994,7,Goddard,N,9.93,6.92
1994,6,Goddard,S,13.56,10.73
1994,6,Goddard,N,12.02,9.68
1994,5,Goddard,S,10.41,8.21
1994,5,Goddard,N,13.62,11.66
1994,4,Goddard,S,7.22,5.45
1994,4,Goddard,N,14.89,12.91
1994,3,Goddard,S,4.55,3.20
1994,3,Goddard,N,15.55,13.55
1994,2,Goddard,S,3.20,2.22
1994,2,Goddard,N,15.56,13.52
1994,1,Goddard,S,4.97,3.37
1994,1,Goddard,N,14.73,12.88
1993,12,Goddard,S,9.93,6.67
1993,12,Goddard,N,13.32,11.48
1993,11,Goddard,S,16.04,11.83
1993,11,Goddard,N,11.32,9.54
1993,10,Goddard,S,18.13,14.17
1993,10,Goddard,N,8.79,7.06
1993,9,Goddard,S,18.54,14.70
1993,9,Goddard,N,6.40,4.58
1993,8,Goddard,S,17.49,13.93
1993,8,Goddard,N,7.33,4.76
1993,7,Goddard,S,15.85,12.72
1993,7,Goddard,N,9.48,6.28
1993,6,Goddard,S,13.15,10.37
1993,6,Goddard,N,11.87,9.26
1993,5,Goddard,S,10.10,7.89
1993,5,Goddard,N,13.37,11.42
1993,4,Goddard,S,6.65,4.90
1993,4,Goddard,N,15.08,13.03
1993,3,Goddard,S,3.67,2.24
1993,3,Goddard,N,15.81,13.77
1993,2,Goddard,S,2.48,1.37
1993,2,Goddard,N,15.69,13.61
1993,1,Goddard,S,4.41,2.55
1993,1,Goddard,N,14.90,12.93
1992,12,Goddard,S,10.21,6.18
1992,12,Goddard,N,13.41,11.72
1992,11,Goddard,S,15.90,11.20
1992,11,Goddard,N,11.38,9.75
1992,10,Goddard,S,17.93,13.85
1992,10,Goddard,N,9.32,7.74
1992,9,Goddard,S,18.15,14.13
1992,9,Goddard,N,7.47,5.43
1992,8,Goddard,S,17.73,14.17
1992,8,Goddard,N,7.93,5.44
1992,7,Goddard,S,15.89,12.58
1992,7,Goddard,N,10.32,7.22
1992,6,Goddard,S,12.81,10.00
1992,6,Goddard,N,12.15,9.95
1992,5,Goddard,S,9.92,7.62
1992,5,Goddard,N,13.22,11.43
1992,4,Goddard,S,6.79,5.00
1992,4,Goddard,N,14.68,12.84
1992,3,Goddard,S,3.57,2.47
1992,3,Goddard,N,15.48,13.48
1992,2,Goddard,S,2.84,1.86
1992,2,Goddard,N,15.46,13.58
1992,1,Goddard,S,4.75,3.24
1992,1,Goddard,N,14.64,12.61
1991,12,Goddard,S,10.19,6.80
1991,12,Goddard,N,12.95,11.19
1991,11,Goddard,S,15.58,11.46
1991,11,Goddard,N,10.88,9.25
1991,10,Goddard,S,17.92,13.80
1991,10,Goddard,N,8.54,6.75
1991,9,Goddard,S,18.31,14.47
1991,9,Goddard,N,6.47,4.51
1991,8,Goddard,S,17.72,14.05
1991,8,Goddard,N,7.42,5.21
1991,7,Goddard,S,15.55,12.22
1991,7,Goddard,N,9.51,6.76
1991,6,Goddard,S,13.07,9.99
1991,6,Goddard,N,12.11,9.66
1991,5,Goddard,S,10.28,7.86
1991,5,Goddard,N,13.47,11.50
1991,4,Goddard,S,7.05,5.18
1991,4,Goddard,N,14.86,12.87
1991,3,Goddard,S,3.81,2.65
1991,3,Goddard,N,15.42,13.42
1991,2,Goddard,S,3.16,2.09
1991,2,Goddard,N,15.25,13.22
1991,1,Goddard,S,5.34,3.52
1991,1,Goddard,N,14.36,12.57
1990,12,Goddard,S,9.95,6.73
1990,12,Goddard,N,13.11,11.47
1990,11,Goddard,S,15.47,11.35
1990,11,Goddard,N,11.08,9.64
1990,10,Goddard,S,17.95,13.80
1990,10,Goddard,N,8.48,6.74
1990,9,Goddard,S,18.19,14.39
1990,9,Goddard,N,6.14,4.55
1990,8,Goddard,S,17.57,14.03
1990,8,Goddard,N,6.80,4.99
1990,7,Goddard,S,15.57,12.27
1990,7,Goddard,N,9.25,6.52
1990,6,Goddard,S,13.08,10.35
1990,6,Goddard,N,11.64,9.20
1990,5,Goddard,S,9.72,7.46
1990,5,Goddard,N,13.23,10.90
1990,4,Goddard,S,7.00,5.18
1990,4,Goddard,N,14.65,12.28
1990,3,Goddard,S,3.97,2.79
1990,3,Goddard,N,15.87,13.51
1990,2,Goddard,S,3.04,2.21
1990,2,Goddard,N,15.58,13.42
1990,1,Goddard,S,4.87,3.39
1990,1,Goddard,N,14.78,12.80
1989,12,Goddard,S,9.84,6.70
1989,12,Goddard,N,13.39,11.61
1989,11,Goddard,S,15.73,11.42
1989,11,Goddard,N,11.12,9.46
1989,10,Goddard,S,17.86,13.85
1989,10,Goddard,N,8.83,6.96
1989,9,Goddard,S,18.12,14.48
1989,9,Goddard,N,7.01,4.86
1989,8,Goddard,S,17.47,14.03
1989,8,Goddard,N,7.88,5.56
1989,7,Goddard,S,15.71,12.58
1989,7,Goddard,N,10.13,7.33
1989,6,Goddard,S,13.58,10.81
1989,6,Goddard,N,12.24,9.95
1989,5,Goddard,S,10.30,8.00
1989,5,Goddard,N,13.04,11.35
1989,4,Goddard,S,6.31,4.50
1989,4,Goddard,N,14.33,12.36
1989,3,Goddard,S,3.93,2.59
1989,3,Goddard,N,15.42,13.21
1989,2,Goddard,S,2.98,2.03
1989,2,Goddard,N,15.50,13.36
1989,1,Goddard,S,4.74,3.17
1989,1,Goddard,N,14.95,13.18
1988,12,Goddard,S,11.06,7.40
1988,12,Goddard,N,13.63,11.99
1988,11,Goddard,S,16.15,12.29
1988,11,Goddard,N,11.33,9.91
1988,10,Goddard,S,18.36,14.41
1988,10,Goddard,N,9.13,7.52
1988,9,Goddard,S,18.31,14.20
1988,9,Goddard,N,7.37,5.36
1988,8,Goddard,S,17.56,13.98
1988,8,Goddard,N,7.89,5.42
1988,7,Goddard,S,15.75,12.62
1988,7,Goddard,N,9.81,7.01
1988,6,Goddard,S,13.09,10.28
1988,6,Goddard,N,11.94,9.68
1988,5,Goddard,S,9.60,7.23
1988,5,Goddard,N,13.56,11.41
1988,4,Goddard,S,6.29,4.44
1988,4,Goddard,N,15.12,13.18
1988,3,Goddard,S,3.97,2.59
1988,3,Goddard,N,15.96,13.90
1988,2,Goddard,S,2.89,1.90
1988,2,Goddard,N,15.58,13.57
1988,1,-9999,S,-9999,-9999
1988,1,-9999,N,-9999,-9999
1987,12,-9999,S,-9999,-9999
1987,12,-9999,N,-9999,-9999
1987,11,Goddard,S,15.58,11.23
1987,11,Goddard,N,11.22,9.73
1987,10,Goddard,S,17.67,13.71
1987,10,Goddard,N,9.05,7.49
1987,9,Goddard,S,18.25,14.27
1987,9,Goddard,N,7.28,5.64
1987,8,Goddard,S,17.60,14.02
1987,8,Goddard,N,7.63,-9999
1987,7,Goddard,S,15.75,12.50
1987,7,Goddard,N,10.33,6.55
1987,6,Goddard,S,12.68,9.91
1987,6,Goddard,N,12.49,9.39
1987,5,Goddard,S,9.69,7.53
1987,5,Goddard,N,13.74,10.97
1987,4,Goddard,S,6.80,5.04
1987,4,Goddard,N,15.21,12.35
1987,3,Goddard,S,4.11,2.75
1987,3,Goddard,N,15.82,12.83
1987,2,Goddard,S,3.25,2.00
1987,2,Goddard,N,16.05,13.02
1987,1,Goddard,S,5.13,3.31
1987,1,Goddard,N,14.97,11.90
1986,12,Goddard,S,9.65,6.49
1986,12,Goddard,N,13.22,10.53
1986,11,Goddard,S,15.01,10.87
1986,11,Goddard,N,11.45,8.87
1986,10,Goddard,S,17.18,13.32
1986,10,Goddard,N,9.48,6.83
1986,9,Goddard,S,17.68,13.88
1986,9,Goddard,N,7.41,4.72
1986,8,Goddard,S,17.00,13.46
1986,8,Goddard,N,7.98,5.01
1986,7,Goddard,S,15.32,12.09
1986,7,Goddard,N,10.15,6.62
1986,6,Goddard,S,12.69,9.72
1986,6,Goddard,N,11.98,8.99
1986,5,Goddard,S,9.30,7.04
1986,5,Goddard,N,13.38,10.70
1986,4,Goddard,S,6.39,4.56
1986,4,Goddard,N,15.06,12.04
1986,3,Goddard,S,3.70,2.38
1986,3,Goddard,N,15.91,12.72
1986,2,Goddard,S,3.19,2.00
1986,2,Goddard,N,15.78,12.62
1986,1,Goddard,S,5.42,3.43
1986,1,Goddard,N,14.89,11.88
1985,12,Goddard,S,11.35,7.46
1985,12,Goddard,N,13.05,10.24
1985,11,Goddard,S,16.14,12.34
1985,11,Goddard,N,11.02,8.42
1985,10,Goddard,S,18.20,14.37
1985,10,Goddard,N,8.55,6.12
1985,9,Goddard,S,18.70,14.72
1985,9,Goddard,N,6.70,4.23
1985,8,Goddard,S,17.63,14.24
1985,8,Goddard,N,7.40,4.60
1985,7,Goddard,S,15.72,12.48
1985,7,Goddard,N,9.74,5.99
1985,6,Goddard,S,13.43,10.51
1985,6,Goddard,N,12.22,8.96
1985,5,Goddard,S,10.15,7.84
1985,5,Goddard,N,14.07,11.25
1985,4,Goddard,S,6.49,4.74
1985,4,Goddard,N,15.36,12.54
1985,3,Goddard,S,3.72,2.54
1985,3,Goddard,N,15.89,12.75
1985,2,Goddard,S,2.84,1.83
1985,2,Goddard,N,15.47,12.48
1985,1,Goddard,S,4.46,2.87
1985,1,Goddard,N,14.72,11.69
1984,12,Goddard,S,10.47,6.96
1984,12,Goddard,N,12.99,10.27
1984,11,Goddard,S,16.13,12.06
1984,11,Goddard,N,10.84,8.24
1984,10,Goddard,S,17.57,13.73
1984,10,Goddard,N,8.56,5.91
1984,9,Goddard,S,18.17,14.27
1984,9,Goddard,N,6.81,4.11
1984,8,Goddard,S,17.93,14.23
1984,8,Goddard,N,7.77,4.68
1984,7,Goddard,S,16.40,13.38
1984,7,Goddard,N,9.98,6.30
1984,6,Goddard,S,13.23,10.64
1984,6,Goddard,N,12.15,9.09
1984,5,Goddard,S,9.75,7.41
1984,5,Goddard,N,13.58,10.88
1984,4,Goddard,S,6.42,4.53
1984,4,Goddard,N,15.01,12.18
1984,3,Goddard,S,3.61,2.34
1984,3,Goddard,N,15.58,12.55
1984,2,Goddard,S,2.68,1.75
1984,2,Goddard,N,15.30,12.26
1984,1,Goddard,S,4.78,2.93
1984,1,Goddard,N,14.47,11.68
1983,12,Goddard,S,10.39,6.71
1983,12,Goddard,N,13.30,10.63
1983,11,Goddard,S,16.01,11.57
1983,11,Goddard,N,11.46,8.99
1983,10,Goddard,S,17.92,13.92
1983,10,Goddard,N,9.33,6.79
1983,9,Goddard,S,18.59,14.68
1983,9,Goddard,N,7.39,4.70
1983,8,Goddard,S,17.25,13.84
1983,8,Goddard,N,8.19,4.97
1983,7,Goddard,S,15.47,12.37
1983,7,Goddard,N,10.57,6.86
1983,6,Goddard,S,12.64,9.77
1983,6,Goddard,N,12.30,9.27
1983,5,Goddard,S,9.53,7.16
1983,5,Goddard,N,13.49,10.87
1983,4,Goddard,S,6.47,4.70
1983,4,Goddard,N,15.17,12.21
1983,3,Goddard,S,4.02,2.62
1983,3,Goddard,N,16.09,12.93
1983,2,Goddard,S,3.07,1.91
1983,2,Goddard,N,16.01,12.94
1983,1,Goddard,S,4.77,3.21
1983,1,Goddard,N,14.94,12.01
1982,12,Goddard,S,9.22,6.31
1982,12,Goddard,N,13.64,10.88
1982,11,Goddard,S,15.54,11.27
1982,11,Goddard,N,11.63,9.06
1982,10,Goddard,S,17.79,13.74
1982,10,Goddard,N,9.42,6.67
1982,9,Goddard,S,18.35,14.53
1982,9,Goddard,N,7.30,4.43
1982,8,Goddard,S,17.79,14.28
1982,8,Goddard,N,8.14,5.00
1982,7,Goddard,S,15.87,12.47
1982,7,Goddard,N,10.37,6.87
1982,6,Goddard,S,13.42,10.50
1982,6,Goddard,N,12.48,9.46
1982,5,Goddard,S,10.76,8.27
1982,5,Goddard,N,13.97,11.17
1982,4,Goddard,S,7.72,5.79
1982,4,Goddard,N,15.47,12.63
1982,3,Goddard,S,4.29,2.84
1982,3,Goddard,N,16.04,13.07
1982,2,Goddard,S,3.13,1.86
1982,2,Goddard,N,15.97,12.87
1982,1,Goddard,S,5.26,3.25
1982,1,Goddard,N,15.18,12.19
1981,12,Goddard,S,10.89,7.02
1981,12,Goddard,N,13.34,10.54
1981,11,Goddard,S,16.11,12.07
1981,11,Goddard,N,10.93,8.31
1981,10,Goddard,S,18.29,14.43
1981,10,Goddard,N,8.86,6.27
1981,9,Goddard,S,18.60,14.78
1981,9,Goddard,N,7.14,4.44
1981,8,Goddard,S,17.74,14.16
1981,8,Goddard,N,7.84,4.48
1981,7,Goddard,S,16.04,12.78
1981,7,Goddard,N,10.27,6.31
1981,6,Goddard,S,13.11,10.16
1981,6,Goddard,N,12.43,9.03
1981,5,Goddard,S,9.35,7.08
1981,5,Goddard,N,13.80,10.99
1981,4,Goddard,S,5.84,4.07
1981,4,Goddard,N,15.01,12.24
1981,3,Goddard,S,3.39,2.16
1981,3,Goddard,N,15.63,12.71
1981,2,Goddard,S,2.87,1.74
1981,2,Goddard,N,15.60,12.53
1981,1,Goddard,S,4.41,2.84
1981,1,Goddard,N,14.91,11.91
1980,12,Goddard,S,10.16,6.56
1980,12,Goddard,N,13.59,10.78
1980,11,Goddard,S,16.13,11.84
1980,11,Goddard,N,11.38,8.73
1980,10,Goddard,S,18.57,14.57
1980,10,Goddard,N,9.18,6.50
1980,9,Goddard,S,18.82,14.87
1980,9,Goddard,N,7.67,4.87
1980,8,Goddard,S,17.81,13.96
1980,8,Goddard,N,7.98,4.94
1980,7,Goddard,S,15.56,12.18
1980,7,Goddard,N,10.10,6.53
1980,6,Goddard,S,12.49,9.58
1980,6,Goddard,N,12.20,9.00
1980,5,Goddard,S,8.86,6.44
1980,5,Goddard,N,13.79,10.96
1980,4,Goddard,S,5.40,3.68
1980,4,Goddard,N,15.43,12.52
1980,3,Goddard,S,3.29,2.11
1980,3,Goddard,N,16.04,12.99
1980,2,Goddard,S,2.82,1.85
1980,2,Goddard,N,15.96,12.90
1980,1,Goddard,S,4.56,3.08
1980,1,Goddard,N,14.86,11.94
1979,12,Goddard,S,9.24,6.24
1979,12,Goddard,N,13.34,10.63
1979,11,Goddard,S,15.34,11.32
1979,11,Goddard,N,10.94,8.37
1979,10,Goddard,S,17.82,13.72
1979,10,Goddard,N,8.75,6.19
1979,9,Goddard,S,18.20,14.29
1979,9,Goddard,N,7.05,4.58
1979,8,Goddard,S,17.70,13.79
1979,8,Goddard,N,8.04,5.06
1979,7,Goddard,S,16.52,13.26
1979,7,Goddard,N,10.31,6.69
1979,6,Goddard,S,14.19,11.22
1979,6,Goddard,N,12.53,9.34
1979,5,Goddard,S,10.83,8.30
1979,5,Goddard,N,13.86,11.11
1979,4,Goddard,S,7.49,5.45
1979,4,Goddard,N,15.45,12.53
1979,3,Goddard,S,4.00,2.66
1979,3,Goddard,N,16.34,13.21
1979,2,Goddard,S,3.14,2.11
1979,2,Goddard,N,16.18,13.18
1979,1,Goddard,S,5.40,3.47
1979,1,Goddard,N,15.41,12.41
1978,12,Goddard,S,10.40,6.97
1978,12,Goddard,N,13.67,10.90
1978,11,Goddard,S,15.90,11.69
1978,11,Goddard,N,11.65,9.04
